input_seq_len,predicts_positions,num_predictions,mean_loss,std_loss
8,1-7,7,3.432428503036499,0.17031513205273618
32,1-31,31,2.7350314617156983,0.08427137623231874
128,1-127,127,2.451200556755066,0.04347827523011432
511,1-510,510,2.3364792823791505,0.04631746364572084
512,1-511,511,2.325965642929077,0.04239903782412084
513,1-512,512,2.3423848152160645,0.030618234244594953
800,1-799,799,2.9105164051055907,0.03698517641451827
